{
  "train_auc": 0.9835318639798489,
  "train_ap": 0.9851233078953081,
  "val_auc": 0.9861096836353589,
  "val_ap": 0.9872144636731498,
  "test_auc": 0.9821409373273119,
  "test_ap": 0.9845473756153067,
  "new_val_auc": 0.9809309397684747,
  "new_val_ap": 0.9829272029810286,
  "new_test_auc": 0.9734113990443728,
  "new_test_ap": 0.9768741743444376,
  "negative_sample_strategy": "random",
  "training_time": 387.9501602649689,
  "run": 0,
  "model_name": "DyGMamba",
  "fusion_method": "clifford"
}