{
  "train_auc": 0.9889482682619647,
  "train_ap": 0.9894088326708453,
  "val_auc": 0.9911339483412414,
  "val_ap": 0.9916771161879224,
  "test_auc": 0.9887603565235615,
  "test_ap": 0.9897546001527268,
  "new_val_auc": 0.9878642228220119,
  "new_val_ap": 0.987996744666638,
  "new_test_auc": 0.9835954775022957,
  "new_test_ap": 0.9847214035481044,
  "negative_sample_strategy": "random",
  "training_time": 7006.639300584793,
  "run": 0,
  "model_name": "DyGMamba",
  "fusion_method": "clifford"
}