{
  "train_auc": 0.7721492128463476,
  "train_ap": 0.7965780257303118,
  "val_auc": 0.6685693379732845,
  "val_ap": 0.719582027111876,
  "test_auc": 0.6319722982049962,
  "test_ap": 0.6846045813102878,
  "new_val_auc": 0.7036531724183728,
  "new_val_ap": 0.7516965504336283,
  "new_test_auc": 0.6504756799505068,
  "new_test_ap": 0.7016904623829646,
  "negative_sample_strategy": "random",
  "training_time": 539.2939445972443,
  "run": 0,
  "model_name": "TGAT",
  "fusion_method": "cross_attention"
}