{
  "train_auc": 0.4998931989924433,
  "train_ap": 0.5378248689841357,
  "val_auc": 0.5052571042702795,
  "val_ap": 0.5211808746376819,
  "test_auc": 0.4988976566817203,
  "test_ap": 0.53139924366269,
  "new_val_auc": 0.5019200241914606,
  "new_val_ap": 0.5452103448140622,
  "new_test_auc": 0.49853720681390173,
  "new_test_ap": 0.5347388842266325,
  "negative_sample_strategy": "random",
  "training_time": 382.1104407310486
}